{"620980":{"Item1":"Beat Saber","Item2":-1},"1048870":{"Item1":"Beat Saber - Aero Chord - \"Boundless\"","Item2":1048870},"1048871":{"Item1":"Beat Saber - Aero Chord - \"Boundless\"","Item2":1048871},"1048872":{"Item1":"Beat Saber - Aero Chord - \"Boundless\"","Item2":1048872},"1048873":{"Item1":"Beat Saber - Aero Chord - \"Boundless\"","Item2":1048873},"1048874":{"Item1":"Beat Saber - Aero Chord - \"Boundless\"","Item2":1048874},"1048875":{"Item1":"Beat Saber - Aero Chord - \"Boundless\"","Item2":1048875},"1048876":{"Item1":"Beat Saber - Aero Chord - \"Boundless\"","Item2":1048876},"1048877":{"Item1":"Beat Saber - Aero Chord - \"Boundless\"","Item2":1048877},"1048878":{"Item1":"Beat Saber - Aero Chord - \"Boundless\"","Item2":1048878},"1048879":{"Item1":"Beat Saber - Aero Chord - \"Boundless\"","Item2":1048879},"1099560":{"Item1":"Beat Saber - Imagine Dragons - \"Bad Liar\"","Item2":1099560},"1099561":{"Item1":"Beat Saber - Imagine Dragons - \"Bad Liar\"","Item2":1099561},"1099562":{"Item1":"Beat Saber - Imagine Dragons - \"Bad Liar\"","Item2":1099562},"1099563":{"Item1":"Beat Saber - Imagine Dragons - \"Bad Liar\"","Item2":1099563},"1099580":{"Item1":"Beat Saber - Imagine Dragons - \"Machine\"","Item2":1099580},"1099581":{"Item1":"Beat Saber - Imagine Dragons - \"Machine\"","Item2":1099581},"1099582":{"Item1":"Beat Saber - Imagine Dragons - \"Machine\"","Item2":1099582},"1099583":{"Item1":"Beat Saber - Imagine Dragons - \"Machine\"","Item2":1099583},"1099584":{"Item1":"Beat Saber - Imagine Dragons - \"Machine\"","Item2":1099584},"1099585":{"Item1":"Beat Saber - Imagine Dragons - \"Machine\"","Item2":1099585},"1167660":{"Item1":"Beat Saber - Panic! at the Disco - \"The Greatest Show\"","Item2":1167660},"1167661":{"Item1":"Beat Saber - Panic! at the Disco - \"The Greatest Show\"","Item2":1167661},"1167662":{"Item1":"Beat Saber - Panic! at the Disco - \"The Greatest Show\"","Item2":1167662},"1167663":{"Item1":"Beat Saber - Panic! at the Disco - \"The Greatest Show\"","Item2":1167663},"1181770":{"Item1":"Beat Saber - Tokyo Machine – \"PLAY\"","Item2":1181770},"1181771":{"Item1":"Beat Saber - Tokyo Machine – \"PLAY\"","Item2":1181771},"1181772":{"Item1":"Beat Saber - Tokyo Machine – \"PLAY\"","Item2":1181772},"1181773":{"Item1":"Beat Saber - Tokyo Machine – \"PLAY\"","Item2":1181773},"1181774":{"Item1":"Beat Saber - Tokyo Machine – \"PLAY\"","Item2":1181774},"1181775":{"Item1":"Beat Saber - Tokyo Machine – \"PLAY\"","Item2":1181775},"1209130":{"Item1":"Beat Saber - Green Day - \"American Idiot\"","Item2":1209130},"1209131":{"Item1":"Beat Saber - Green Day - \"American Idiot\"","Item2":1209131},"1209132":{"Item1":"Beat Saber - Green Day - \"American Idiot\"","Item2":1209132},"1209133":{"Item1":"Beat Saber - Green Day - \"American Idiot\"","Item2":1209133},"1209134":{"Item1":"Beat Saber - Green Day - \"American Idiot\"","Item2":1209134},"1209135":{"Item1":"Beat Saber - Green Day - \"American Idiot\"","Item2":1209135},"1267590":{"Item1":"Beat Saber - Sid Tipton & Timbaland - \"Has A Meaning\"","Item2":1267590},"1267591":{"Item1":"Beat Saber - Sid Tipton & Timbaland - \"Has A Meaning\"","Item2":1267591},"1267592":{"Item1":"Beat Saber - Sid Tipton & Timbaland - \"Has A Meaning\"","Item2":1267592},"1267593":{"Item1":"Beat Saber - Sid Tipton & Timbaland - \"Has A Meaning\"","Item2":1267593},"1267594":{"Item1":"Beat Saber - Sid Tipton & Timbaland - \"Has A Meaning\"","Item2":1267594},"1375360":{"Item1":"Beat Saber - Linkin Park - \"Bleed It Out\"","Item2":1375360},"1375361":{"Item1":"Beat Saber - Linkin Park - \"Bleed It Out\"","Item2":1375361},"1375362":{"Item1":"Beat Saber - Linkin Park - \"Bleed It Out\"","Item2":1375362},"1375363":{"Item1":"Beat Saber - Linkin Park - \"Bleed It Out\"","Item2":1375363},"1375364":{"Item1":"Beat Saber - Linkin Park - \"Bleed It Out\"","Item2":1375364},"1375365":{"Item1":"Beat Saber - Linkin Park - \"Bleed It Out\"","Item2":1375365},"1375366":{"Item1":"Beat Saber - Linkin Park - \"Bleed It Out\"","Item2":1375366},"1375367":{"Item1":"Beat Saber - Linkin Park - \"Bleed It Out\"","Item2":1375367},"1375368":{"Item1":"Beat Saber - Linkin Park - \"Bleed It Out\"","Item2":1375368},"1375369":{"Item1":"Beat Saber - Linkin Park - \"Bleed It Out\"","Item2":1375369},"1375370":{"Item1":"Beat Saber - Linkin Park - \"What I've Done\"","Item2":1375370},"1463160":{"Item1":"Beat Saber - BTS - \"Blood Sweat & Tears\"","Item2":1463160},"1463190":{"Item1":"Beat Saber - BTS - \"Boy With Luv (feat. Halsey)\"","Item2":1463190},"1463220":{"Item1":"Beat Saber - BTS - \"Burning Up (Fire)\"","Item2":1463220},"1463230":{"Item1":"Beat Saber - BTS - \"Dionysus\"","Item2":1463230},"1463240":{"Item1":"Beat Saber - BTS - \"DNA\"","Item2":1463240},"1463241":{"Item1":"Beat Saber - BTS - \"DNA\"","Item2":1463241},"1463250":{"Item1":"Beat Saber - BTS - \"Dynamite\"","Item2":1463250},"1463251":{"Item1":"Beat Saber - BTS - \"Dynamite\"","Item2":1463251},"1463260":{"Item1":"Beat Saber - BTS - \"IDOL\"","Item2":1463260},"1463261":{"Item1":"Beat Saber - BTS - \"IDOL\"","Item2":1463261},"1463270":{"Item1":"Beat Saber - BTS - \"Not Today\"","Item2":1463270},"1463271":{"Item1":"Beat Saber - BTS - \"Not Today\"","Item2":1463271},"1636340":{"Item1":"Beat Saber - OneRepublic - \"Counting Stars\"","Item2":1636340},"1636341":{"Item1":"Beat Saber - OneRepublic - \"Counting Stars\"","Item2":1636341},"1636342":{"Item1":"Beat Saber - OneRepublic - \"Counting Stars\"","Item2":1636342},"1636343":{"Item1":"Beat Saber - OneRepublic - \"Counting Stars\"","Item2":1636343},"1636344":{"Item1":"Beat Saber - OneRepublic - \"Counting Stars\"","Item2":1636344},"1636345":{"Item1":"Beat Saber - OneRepublic - \"Counting Stars\"","Item2":1636345},"1636346":{"Item1":"Beat Saber - OneRepublic - \"Counting Stars\"","Item2":1636346},"1725500":{"Item1":"Beat Saber: Skrillex – 'Bangarang (feat. Sirah)'","Item2":1725500},"1725501":{"Item1":"Beat Saber: Skrillex – 'Bangarang (feat. Sirah)'","Item2":1725501},"1725502":{"Item1":"Beat Saber: Skrillex – 'Bangarang (feat. Sirah)'","Item2":1725502},"1725503":{"Item1":"Beat Saber: Skrillex – 'Bangarang (feat. Sirah)'","Item2":1725503},"1725504":{"Item1":"Beat Saber: Skrillex – 'Bangarang (feat. Sirah)'","Item2":1725504},"1725505":{"Item1":"Beat Saber: Skrillex – 'Bangarang (feat. Sirah)'","Item2":1725505},"1725506":{"Item1":"Beat Saber: Skrillex – 'Bangarang (feat. Sirah)'","Item2":1725506},"1725507":{"Item1":"Beat Saber: Skrillex – 'Bangarang (feat. Sirah)'","Item2":1725507},"1753520":{"Item1":"Beat Saber: Billie Eilish - 'all the good girls go to hell'","Item2":1753520},"1753521":{"Item1":"Beat Saber: Billie Eilish - 'all the good girls go to hell'","Item2":1753521},"1753522":{"Item1":"Beat Saber: Billie Eilish - 'all the good girls go to hell'","Item2":1753522},"1753523":{"Item1":"Beat Saber: Billie Eilish - 'all the good girls go to hell'","Item2":1753523},"1753524":{"Item1":"Beat Saber: Billie Eilish - 'all the good girls go to hell'","Item2":1753524},"1753525":{"Item1":"Beat Saber: Billie Eilish - 'all the good girls go to hell'","Item2":1753525},"1753526":{"Item1":"Beat Saber: Billie Eilish - 'all the good girls go to hell'","Item2":1753526},"1753527":{"Item1":"Beat Saber: Billie Eilish - 'all the good girls go to hell'","Item2":1753527},"1753528":{"Item1":"Beat Saber: Billie Eilish - 'all the good girls go to hell'","Item2":1753528},"1753529":{"Item1":"Beat Saber: Billie Eilish - 'all the good girls go to hell'","Item2":1753529},"1812880":{"Item1":"Beat Saber: Lady Gaga - 'Alejandro'","Item2":1812880},"1812881":{"Item1":"Beat Saber: Lady Gaga - 'Alejandro'","Item2":1812881},"1812882":{"Item1":"Beat Saber: Lady Gaga - 'Alejandro'","Item2":1812882},"1812883":{"Item1":"Beat Saber: Lady Gaga - 'Alejandro'","Item2":1812883},"1812884":{"Item1":"Beat Saber: Lady Gaga - 'Alejandro'","Item2":1812884},"1812885":{"Item1":"Beat Saber: Lady Gaga - 'Alejandro'","Item2":1812885},"1812886":{"Item1":"Beat Saber: Lady Gaga - 'Alejandro'","Item2":1812886},"1812887":{"Item1":"Beat Saber: Lady Gaga - 'Alejandro'","Item2":1812887},"1812888":{"Item1":"Beat Saber: Lady Gaga - 'Alejandro'","Item2":1812888},"1812889":{"Item1":"Beat Saber: Lady Gaga - 'Alejandro'","Item2":1812889},"1939830":{"Item1":"Beat Saber - Fall Out Boy - 'Centuries'","Item2":1939830},"1939831":{"Item1":"Beat Saber - Fall Out Boy - 'Centuries'","Item2":1939831},"1939832":{"Item1":"Beat Saber - Fall Out Boy - 'Centuries'","Item2":1939832},"1939833":{"Item1":"Beat Saber - Fall Out Boy - 'Centuries'","Item2":1939833},"1939834":{"Item1":"Beat Saber - Fall Out Boy - 'Centuries'","Item2":1939834},"1939835":{"Item1":"Beat Saber - Fall Out Boy - 'Centuries'","Item2":1939835},"1939836":{"Item1":"Beat Saber - Fall Out Boy - 'Centuries'","Item2":1939836},"1939837":{"Item1":"Beat Saber - Fall Out Boy - 'Centuries'","Item2":1939837},"1967800":{"Item1":"Beat Saber - Marshmello - Alone","Item2":1967800},"1967801":{"Item1":"Beat Saber - Marshmello - Alone","Item2":1967801},"1967802":{"Item1":"Beat Saber - Marshmello - Alone","Item2":1967802},"1967803":{"Item1":"Beat Saber - Marshmello - Alone","Item2":1967803},"1967804":{"Item1":"Beat Saber - Marshmello - Alone","Item2":1967804},"1967805":{"Item1":"Beat Saber - Marshmello - Alone","Item2":1967805},"1967806":{"Item1":"Beat Saber - Marshmello - Alone","Item2":1967806},"1967807":{"Item1":"Beat Saber - Marshmello - Alone","Item2":1967807},"1967808":{"Item1":"Beat Saber - Marshmello - Alone","Item2":1967808},"1967809":{"Item1":"Beat Saber - Marshmello - Alone","Item2":1967809},"2122140":{"Item1":"Beat Saber - Lizzo - \"2 Be Loved (Am I Ready)\"","Item2":2122140},"2122141":{"Item1":"Beat Saber - Lizzo - \"2 Be Loved (Am I Ready)\"","Item2":2122141},"2122142":{"Item1":"Beat Saber - Lizzo - \"2 Be Loved (Am I Ready)\"","Item2":2122142},"2122143":{"Item1":"Beat Saber - Lizzo - \"2 Be Loved (Am I Ready)\"","Item2":2122143},"2122144":{"Item1":"Beat Saber - Lizzo - \"2 Be Loved (Am I Ready)\"","Item2":2122144},"2122160":{"Item1":"Beat Saber - Lizzo - \"Juice\"","Item2":2122160},"2122161":{"Item1":"Beat Saber - Lizzo - \"Juice\"","Item2":2122161},"2122162":{"Item1":"Beat Saber - Lizzo - \"Juice\"","Item2":2122162},"2122163":{"Item1":"Beat Saber - Lizzo - \"Juice\"","Item2":2122163},"2195470":{"Item1":"Beat Saber - The Weeknd - \"Blinding Lights\"","Item2":2195470},"2195471":{"Item1":"Beat Saber - The Weeknd - \"Blinding Lights\"","Item2":2195471},"2195472":{"Item1":"Beat Saber - The Weeknd - \"Blinding Lights\"","Item2":2195472},"2195473":{"Item1":"Beat Saber - The Weeknd - \"Blinding Lights\"","Item2":2195473},"2195474":{"Item1":"Beat Saber - The Weeknd - \"Blinding Lights\"","Item2":2195474},"2195475":{"Item1":"Beat Saber - The Weeknd - \"Blinding Lights\"","Item2":2195475},"2195476":{"Item1":"Beat Saber - The Weeknd - \"Blinding Lights\"","Item2":2195476},"2195477":{"Item1":"Beat Saber - The Weeknd - \"Blinding Lights\"","Item2":2195477},"2195478":{"Item1":"Beat Saber - The Weeknd - \"Blinding Lights\"","Item2":2195478},"2195479":{"Item1":"Beat Saber - The Weeknd - \"Blinding Lights\"","Item2":2195479},"2233130":{"Item1":"Beat Saber - Steppenwolf - \"Born To Be Wild\"","Item2":2233130},"2233131":{"Item1":"Beat Saber - Steppenwolf - \"Born To Be Wild\"","Item2":2233131},"2233132":{"Item1":"Beat Saber - Steppenwolf - \"Born To Be Wild\"","Item2":2233132},"2233133":{"Item1":"Beat Saber - Steppenwolf - \"Born To Be Wild\"","Item2":2233133},"2233134":{"Item1":"Beat Saber - Steppenwolf - \"Born To Be Wild\"","Item2":2233134},"2233135":{"Item1":"Beat Saber - Steppenwolf - \"Born To Be Wild\"","Item2":2233135},"2233136":{"Item1":"Beat Saber - Steppenwolf - \"Born To Be Wild\"","Item2":2233136},"2233137":{"Item1":"Beat Saber - Steppenwolf - \"Born To Be Wild\"","Item2":2233137},"2271510":{"Item1":"Beat Saber - Imagine Dragons - Bones","Item2":2271510},"2271511":{"Item1":"Beat Saber - Imagine Dragons - Bones","Item2":2271511},"2350250":{"Item1":"Beat Saber - Panic! At The Disco - \"Crazy = Genius\"","Item2":2350250},"2350251":{"Item1":"Beat Saber - Panic! At The Disco - \"Crazy = Genius\"","Item2":2350251},"2350252":{"Item1":"Beat Saber - Panic! At The Disco - \"Crazy = Genius\"","Item2":2350252},"2350253":{"Item1":"Beat Saber - Panic! At The Disco - \"Crazy = Genius\"","Item2":2350253},"2350254":{"Item1":"Beat Saber - Panic! At The Disco - \"Crazy = Genius\"","Item2":2350254},"2350255":{"Item1":"Beat Saber - Panic! At The Disco - \"Crazy = Genius\"","Item2":2350255},"2407760":{"Item1":"Beat Saber - Queen - Another One Bites the Dust","Item2":2407760},"2407761":{"Item1":"Beat Saber - Queen - Another One Bites the Dust","Item2":2407761},"2407762":{"Item1":"Beat Saber - Queen - Another One Bites the Dust","Item2":2407762},"2407763":{"Item1":"Beat Saber - Queen - Another One Bites the Dust","Item2":2407763},"2407764":{"Item1":"Beat Saber - Queen - Another One Bites the Dust","Item2":2407764},"2407765":{"Item1":"Beat Saber - Queen - Another One Bites the Dust","Item2":2407765},"2407766":{"Item1":"Beat Saber - Queen - Another One Bites the Dust","Item2":2407766},"2407767":{"Item1":"Beat Saber - Queen - Another One Bites the Dust","Item2":2407767},"2407768":{"Item1":"Beat Saber - Queen - Another One Bites the Dust","Item2":2407768},"2407769":{"Item1":"Beat Saber - Queen - Another One Bites the Dust","Item2":2407769},"2407770":{"Item1":"Beat Saber - Queen - We Will Rock You","Item2":2407770},"2455550":{"Item1":"Beat Saber - The Weeknd - Die For You (Feat. Arianda Grande)","Item2":2455550},"2455551":{"Item1":"Beat Saber - The Weeknd - Die For You (Feat. Arianda Grande)","Item2":2455551},"2594030":{"Item1":"Beat Saber - Mike Shinoda - Already Over","Item2":2594030},"2594040":{"Item1":"Beat Saber - Linkin Park - Crawling","Item2":2594040},"2594050":{"Item1":"Beat Saber - Linkin Park - Fighting Myself","Item2":2594050},"2594060":{"Item1":"Beat Saber - Mike Shinoda & Kaliee Morgue - In My Head","Item2":2594060},"2594070":{"Item1":"Beat Saber - Linkin Park - Lost","Item2":2594070},"2594080":{"Item1":"Beat Saber - Linkin Park - More The Victim","Item2":2594080},"2594090":{"Item1":"Beat Saber - JAY-Z, Linkin Park - Numb/Encore","Item2":2594090},"2594100":{"Item1":"Beat Saber - Fort Minor - Remember the Name (feat. Styles of Beyond)","Item2":2594100},"2650880":{"Item1":"Beat Saber - The Rolling Stones - \"Angry\"","Item2":2650880},"2650900":{"Item1":"Beat Saber - The Rolling Stones - \"Bite My Head Off\"","Item2":2650900},"2650910":{"Item1":"Beat Saber - The Rolling Stones - \"Can’t You Hear Me Knocking\"","Item2":2650910},"2650920":{"Item1":"Beat Saber - The Rolling Stones - \"Gimme Shelter\"","Item2":2650920},"2650930":{"Item1":"Beat Saber - The Rolling Stones - \"(I Can’t Get No) Satisfaction\"","Item2":2650930},"2650940":{"Item1":"Beat Saber - The Rolling Stones - \"Live by the Sword\"","Item2":2650940},"2650960":{"Item1":"Beat Saber - The Rolling Stones - \"Mess it Up\"","Item2":2650960},"2650970":{"Item1":"Beat Saber - The Rolling Stones - \"Paint It Black\"","Item2":2650970},"2650980":{"Item1":"Beat Saber - The Rolling Stones - \"Start Me Up\"","Item2":2650980},"2650990":{"Item1":"Beat Saber - The Rolling Stones - \"Sympathy For The Devil\"","Item2":2650990},"2651000":{"Item1":"Beat Saber - The Rolling Stones - \"Whole Wide World\"","Item2":2651000},"2838230":{"Item1":"Beat Saber - Daft Punk - \"Around The World\"","Item2":2838230},"2838240":{"Item1":"Beat Saber - Daft Punk - \"Around The World / Harder Better Faster Stronger\"","Item2":2838240},"2838250":{"Item1":"Beat Saber - Daft Punk - \"Da Funk / Daftendirekt\"","Item2":2838250},"2838260":{"Item1":"Beat Saber - Daft Punk - \"Get Lucky (feat. Pharrell Williams and Nile Rodgers)\"","Item2":2838260},"2838270":{"Item1":"Beat Saber - Daft Punk - \"Harder, Better, Faster, Stronger\"","Item2":2838270},"2838280":{"Item1":"Beat Saber - Daft Punk - \"Lose Yourself to Dance (feat. Pharrell Williams)\"","Item2":2838280},"2838290":{"Item1":"Beat Saber - Daft Punk - \"One More Time\"","Item2":2838290},"2838300":{"Item1":"Beat Saber - Daft Punk - \"Technologic\"","Item2":2838300},"2838310":{"Item1":"Beat Saber - Daft Punk - \"The Prime Time of Your Life/The Brainwasher/Rollin'/Alive (Live 2007)\"","Item2":2838310},"2838330":{"Item1":"Beat Saber - Daft Punk - \"Veridis Quo\"","Item2":2838330},"2893430":{"Item1":"Beat Saber - 2Pac - \"All Eyez On Me (feat. Big Syke)\"","Item2":2893430},"2893440":{"Item1":"Beat Saber - Nicki Minaj - \"Anaconda\"","Item2":2893440},"2893450":{"Item1":"Beat Saber - Snoop Dogg - \"Gin and Juice\"","Item2":2893450},"2893460":{"Item1":"Beat Saber - Eminem - \"Godzilla (feat. Juice WRLD)\"","Item2":2893460},"2893470":{"Item1":"Beat Saber - Outkast - \"Hey Ya!\"","Item2":2893470},"2893480":{"Item1":"Beat Saber - The Notorious B.I.G. - \"Hypnotize\"","Item2":2893480},"2893490":{"Item1":"Beat Saber - Dr Dre - \"Nuthin’ But A “G” Thang\"","Item2":2893490},"2893500":{"Item1":"Beat Saber - Grandmaster Flash & The Furious Five - \"The Message\"","Item2":2893500},"2893510":{"Item1":"Beat Saber - Pop Smoke - \"The Woo (feat. 50 Cent, Roddy Ricch)\"","Item2":2893510},"3156260":{"Item1":"Beat Saber - Britney Spears - …Baby One More Time","Item2":3156260},"3181490":{"Item1":"Beat Saber - Britney Spears - Circus","Item2":3181490},"3181510":{"Item1":"Beat Saber - Britney Spears - Gimme More","Item2":3181510},"3181520":{"Item1":"Beat Saber - Britney Spears - I’m A Slave 4 U","Item2":3181520},"3181530":{"Item1":"Beat Saber - Britney Spears - Me Against the Music (feat. Madonna)","Item2":3181530},"3181550":{"Item1":"Beat Saber - Britney Spears - Oops!...I Did It Again","Item2":3181550},"3181560":{"Item1":"Beat Saber - Britney Spears - Overprotected","Item2":3181560},"3181570":{"Item1":"Beat Saber - Britney Spears x Will.I.AM - Scream and Shout (Will.I.AM)","Item2":3181570},"3181580":{"Item1":"Beat Saber - Britney Spears - Till the World Ends - Till the World Ends","Item2":3181580},"3181590":{"Item1":"Beat Saber - Britney Spears - Toxic","Item2":3181590},"3181600":{"Item1":"Beat Saber - Britney Spears - Womanizer","Item2":3181600},"3274160":{"Item1":"Beat Saber - Monstercat Mixtape 2 - Teminite & Skybreak - \"Accelerate\"","Item2":3274160},"3274170":{"Item1":"Beat Saber - Monstercat Mixtape 2 - Excision & Dion Timmer - \"DABADABADABADABA\"","Item2":3274170},"3274180":{"Item1":"Beat Saber - Monstercat Mixtape 2 - Grant & Ellis - \"Dead Man Walking\"","Item2":3274180},"3274190":{"Item1":"Beat Saber - Monstercat Mixtape 2 - Bossfight - \"Endgame\"","Item2":3274190},"3274200":{"Item1":"Beat Saber - Monstercat Mixtape 2 - Nitro Fun - \"Final Boss\"","Item2":3274200},"3274210":{"Item1":"Beat Saber - Monstercat Mixtape 2 - Dyro x Conro - \"Memory Bank\"","Item2":3274210},"3274230":{"Item1":"Beat Saber - Monstercat Mixtape 2 - F.O.O.L & Power Glove - \"Mercenary\"","Item2":3274230},"3274240":{"Item1":"Beat Saber - Monstercat Mixtape 2 - Teddy Killerz & Pegboard Nerds - \"Pump\"","Item2":3274240},"3274250":{"Item1":"Beat Saber - Monstercat Mixtape 2 - Tokyo Machine - \"RAD\"","Item2":3274250},"3274260":{"Item1":"Beat Saber - Monstercat Mixtape 2 - Öwnboss & Selva - \"RIOT\"","Item2":3274260},"3274280":{"Item1":"Beat Saber - Monstercat Mixtape 2 - Sullivan King - \"Thrones of Blood\"","Item2":3274280},"3274290":{"Item1":"Beat Saber - Monstercat Mixtape 2 - Alan Walker - \"Wake Up\"","Item2":3274290},"3354440":{"Item1":"Beat Saber - Metallica - \"Atlas, Rise!\"","Item2":3354440},"3354460":{"Item1":"Beat Saber - Metallica - \"Battery\"","Item2":3354460},"3354470":{"Item1":"Beat Saber - Metallica - \"Blackened\"","Item2":3354470},"3354480":{"Item1":"Beat Saber - Metallica - \"Creeping Death\"","Item2":3354480},"3354490":{"Item1":"Beat Saber - Metallica - \"Enter Sandman\"","Item2":3354490},"3354500":{"Item1":"Beat Saber - Metallica - \"Fade to Black\"","Item2":3354500},"3354510":{"Item1":"Beat Saber - Metallica - \"For Whom the Bell Tolls\"","Item2":3354510},"3354520":{"Item1":"Beat Saber - Metallica - \"Fuel\"","Item2":3354520},"3354530":{"Item1":"Beat Saber - Metallica - \"Hit the Lights\"","Item2":3354530},"3354540":{"Item1":"Beat Saber - Metallica - \"King Nothing\"","Item2":3354540},"3354590":{"Item1":"Beat Saber - Metallica - \"Lux Æterna\"","Item2":3354590},"3354630":{"Item1":"Beat Saber - Metallica - \"Master of Puppets\"","Item2":3354630},"3354660":{"Item1":"Beat Saber - Metallica - \"Nothing Else Matters\"","Item2":3354660},"3354680":{"Item1":"Beat Saber - Metallica - \"One\"","Item2":3354680},"3354690":{"Item1":"Beat Saber - Metallica - \"Sad But True\"","Item2":3354690},"3354700":{"Item1":"Beat Saber - Metallica - \"Seek & Destroy\"","Item2":3354700},"3354710":{"Item1":"Beat Saber - Metallica - \"The Unforgiven\"","Item2":3354710},"620981":{"Item1":"Beat Saber","Item2":620981}}